metric_date,kpi_name,actual_value,target_value,status,severity,anomaly,alert_reason
2026-01-01,Late Delivery Rate,25.08,5.0,Red,Critical,False,KPI threshold breach
2026-01-01,SLA Compliance,74.92,90.0,Red,Critical,False,KPI threshold breach
2026-01-02,Late Delivery Rate,27.26,5.0,Red,Critical,False,KPI threshold breach
2026-01-02,SLA Compliance,72.74,90.0,Red,Critical,False,KPI threshold breach
2026-01-03,Late Delivery Rate,27.05,5.0,Red,Critical,False,KPI threshold breach
2026-01-03,SLA Compliance,72.95,90.0,Red,Critical,False,KPI threshold breach
2026-01-04,Late Delivery Rate,28.74,5.0,Red,Critical,False,KPI threshold breach
2026-01-04,SLA Compliance,71.26,90.0,Red,Critical,False,KPI threshold breach
2026-01-05,Late Delivery Rate,27.93,5.0,Red,Critical,False,KPI threshold breach
2026-01-05,SLA Compliance,72.07,90.0,Red,Critical,False,KPI threshold breach
2026-01-06,Late Delivery Rate,28.24,5.0,Red,Critical,False,KPI threshold breach
2026-01-06,SLA Compliance,71.76,90.0,Red,Critical,False,KPI threshold breach
2026-01-07,Late Delivery Rate,27.66,5.0,Red,Critical,False,KPI threshold breach
2026-01-07,SLA Compliance,72.34,90.0,Red,Critical,False,KPI threshold breach
2026-01-08,Late Delivery Rate,27.11,5.0,Red,Critical,False,KPI threshold breach
2026-01-08,SLA Compliance,72.89,90.0,Red,Critical,False,KPI threshold breach
2026-01-09,Late Delivery Rate,26.83,5.0,Red,Critical,False,KPI threshold breach
2026-01-09,SLA Compliance,73.17,90.0,Red,Critical,False,KPI threshold breach
2026-01-10,Late Delivery Rate,28.07,5.0,Red,Critical,False,KPI threshold breach
2026-01-10,SLA Compliance,71.93,90.0,Red,Critical,False,KPI threshold breach
2026-01-11,Late Delivery Rate,29.44,5.0,Red,Critical,False,KPI threshold breach
2026-01-11,SLA Compliance,70.56,90.0,Red,Critical,False,KPI threshold breach
2026-01-12,Late Delivery Rate,28.85,5.0,Red,Critical,False,KPI threshold breach
2026-01-12,SLA Compliance,71.15,90.0,Red,Critical,False,KPI threshold breach
2026-01-13,Late Delivery Rate,28.98,5.0,Red,Critical,False,KPI threshold breach
2026-01-13,SLA Compliance,71.02,90.0,Red,Critical,False,KPI threshold breach
2026-01-14,Late Delivery Rate,28.65,5.0,Red,Critical,False,KPI threshold breach
2026-01-14,SLA Compliance,71.35,90.0,Red,Critical,False,KPI threshold breach
2026-01-15,Late Delivery Rate,26.15,5.0,Red,Critical,False,KPI threshold breach
2026-01-15,SLA Compliance,73.85,90.0,Red,Critical,False,KPI threshold breach
2026-01-16,Late Delivery Rate,26.69,5.0,Red,Critical,False,KPI threshold breach
2026-01-16,SLA Compliance,73.31,90.0,Red,Critical,False,KPI threshold breach
2026-01-17,Late Delivery Rate,28.65,5.0,Red,Critical,False,KPI threshold breach
2026-01-17,SLA Compliance,71.35,90.0,Red,Critical,False,KPI threshold breach
2026-01-18,Late Delivery Rate,29.0,5.0,Red,Critical,False,KPI threshold breach
2026-01-18,SLA Compliance,71.0,90.0,Red,Critical,False,KPI threshold breach
2026-01-19,Late Delivery Rate,27.37,5.0,Red,Critical,False,KPI threshold breach
2026-01-19,SLA Compliance,72.63,90.0,Red,Critical,False,KPI threshold breach
2026-01-20,Late Delivery Rate,27.62,5.0,Red,Critical,False,KPI threshold breach
2026-01-20,SLA Compliance,72.38,90.0,Red,Critical,False,KPI threshold breach
2026-01-21,Late Delivery Rate,27.86,5.0,Red,Critical,False,KPI threshold breach
2026-01-21,SLA Compliance,72.14,90.0,Red,Critical,False,KPI threshold breach
2026-01-22,Late Delivery Rate,27.72,5.0,Red,Critical,False,KPI threshold breach
2026-01-22,SLA Compliance,72.28,90.0,Red,Critical,False,KPI threshold breach
2026-01-23,Late Delivery Rate,27.11,5.0,Red,Critical,False,KPI threshold breach
2026-01-23,SLA Compliance,72.89,90.0,Red,Critical,False,KPI threshold breach
2026-01-24,Late Delivery Rate,28.01,5.0,Red,Critical,False,KPI threshold breach
2026-01-24,SLA Compliance,71.99,90.0,Red,Critical,False,KPI threshold breach
2026-01-25,Late Delivery Rate,26.66,5.0,Red,Critical,False,KPI threshold breach
2026-01-25,SLA Compliance,73.34,90.0,Red,Critical,False,KPI threshold breach
2026-01-26,Late Delivery Rate,28.26,5.0,Red,Critical,False,KPI threshold breach
2026-01-26,SLA Compliance,71.74,90.0,Red,Critical,False,KPI threshold breach
2026-01-27,Late Delivery Rate,26.72,5.0,Red,Critical,False,KPI threshold breach
2026-01-27,SLA Compliance,73.28,90.0,Red,Critical,False,KPI threshold breach
2026-01-28,Late Delivery Rate,26.57,5.0,Red,Critical,False,KPI threshold breach
2026-01-28,SLA Compliance,73.43,90.0,Red,Critical,False,KPI threshold breach
2026-01-29,Late Delivery Rate,27.2,5.0,Red,Critical,False,KPI threshold breach
2026-01-29,SLA Compliance,72.8,90.0,Red,Critical,False,KPI threshold breach
2026-01-30,Late Delivery Rate,27.18,5.0,Red,Critical,False,KPI threshold breach
2026-01-30,SLA Compliance,72.82,90.0,Red,Critical,False,KPI threshold breach
2026-02-05,Late Delivery Rate,5.14,5.0,Amber,Warning,False,KPI threshold breach
